Time(us),Position(counts),Speed(rad/s)
2,-210339,0.0000
5002,-210339,0.0000
10003,-210340,1.0431
15004,-210342,2.0863
20005,-210344,2.0863
25007,-210347,3.1288
30008,-210351,4.1725
35010,-210355,4.1717
40010,-210360,5.2167
45012,-210365,5.2146
50013,-210371,6.2588
55015,-210377,6.2575
60016,-210384,7.3019
65018,-210391,7.3004
70019,-210398,7.3019
75020,-210406,8.3450
80021,-210414,8.3450
85023,-210423,9.3863
90024,-210432,9.3882
95026,-210441,9.3863
100026,-210451,10.4334
105028,-210461,10.4292
110029,-210471,10.4313
115031,-210481,10.4292
120032,-210492,11.4744
125034,-210503,11.4721
130036,-210514,11.4721
135037,-210525,11.4744
140039,-210537,12.5150
145040,-210548,11.4744
150042,-210560,12.5150
155044,-210572,12.5150
160045,-210585,13.5607
165047,-210597,12.5150
170048,-210610,13.5607
175048,-210622,12.5200
180050,-210635,13.5580
185051,-210648,13.5607
190053,-210661,13.5580
195054,-210674,13.5607
200055,-210687,13.5607
205056,-210700,13.5607
210058,-210713,13.5580
215059,-210727,14.6038
220061,-210740,13.5580
225061,-210754,14.6067
230063,-210768,14.6009
235064,-210781,13.5607
240066,-210795,14.6009
245067,-210809,14.6038
250068,-210823,14.6038
255069,-210838,15.6469
260071,-210852,14.6009
265072,-210866,14.6038
270074,-210881,15.6438
275074,-210895,14.6067
280076,-210910,15.6438
285077,-210925,15.6469
290078,-210940,15.6469
295080,-210955,15.6438
300080,-210970,15.6501
305082,-210985,15.6438
310083,-211000,15.6469
315085,-211016,16.6867
320086,-211031,15.6469
325087,-211046,15.6469
330088,-211062,16.6901
335090,-211077,15.6438
340091,-211093,16.6901
345093,-211108,15.6438
350093,-211124,16.6934
355095,-211139,15.6438
360096,-211155,16.6901
365098,-211170,15.6438
370099,-211186,16.6901
375099,-211201,15.6501
380101,-211217,16.6867
385103,-211232,15.6438
390104,-211248,16.6901
395105,-211263,15.6469
400106,-211278,15.6469
405107,-211294,16.6901
410109,-211309,15.6438
415110,-211324,15.6469
420112,-211340,16.6867
425112,-211355,15.6501
430114,-211371,16.6867
435115,-211386,15.6469
440117,-211402,16.6867
445118,-211417,15.6469
450119,-211432,15.6469
455120,-211448,16.6901
460122,-211463,15.6438
465123,-211479,16.6901
470125,-211494,15.6438
475125,-211510,16.6934
480127,-211525,15.6438
485128,-211540,15.6469
490129,-211556,16.6901
495131,-211571,15.6438
500131,-211587,16.6934
505133,-211602,15.6438
510134,-211618,16.6901
515136,-211633,15.6438
520137,-211649,16.6901
525138,-211664,15.6469
530139,-211680,16.6901
535141,-211696,16.6867
540142,-211711,15.6469
545144,-211727,16.6867
550144,-211743,16.6934
555146,-211758,15.6438
560147,-211774,16.6901
565149,-211790,16.6867
570150,-211806,16.6901
575150,-211821,15.6501
580152,-211837,16.6867
585154,-211853,16.6867
590155,-211869,16.6901
595157,-211885,16.6867
600157,-211901,16.6934
605158,-211917,16.6901
610160,-211933,16.6867
615161,-211949,16.6901
620163,-211965,16.6867
625163,-211981,16.6934
630165,-211997,16.6867
635166,-212013,16.6901
640168,-212030,17.7296
645169,-212046,16.6901
650170,-212062,16.6901
655171,-212078,16.6901
660173,-212094,16.6867
665174,-212111,17.7332
670176,-212127,16.6867
675176,-212143,16.6934
680178,-212160,17.7296
685179,-212176,16.6901
690181,-212192,16.6867
695182,-212208,16.6901
700182,-212224,16.6934
705184,-212241,17.7296
710185,-212257,16.6901
715187,-212272,15.6438
720188,-212288,16.6901
725189,-212304,16.6901
730190,-212320,16.6901
735192,-212336,16.6867
740193,-212351,15.6469
745195,-212367,16.6867
750195,-212382,15.6501
755197,-212398,16.6867
760198,-212414,16.6901
765200,-212429,15.6438
770201,-212445,16.6901
775202,-212460,15.6469
780203,-212476,16.6901
785205,-212491,15.6438
790206,-212507,16.6901
795208,-212522,15.6438
800208,-212538,16.6934
805210,-212553,15.6438
810211,-212569,16.6901
815212,-212584,15.6469
820214,-212600,16.6867
825214,-212615,15.6501
830216,-212631,16.6867
835217,-212646,15.6469
840219,-212662,16.6867
845220,-212677,15.6469
850221,-212693,16.6901
855222,-212708,15.6469
860224,-212724,16.6867
865225,-212739,15.6469
870227,-212755,16.6867
875227,-212770,15.6501
880229,-212786,16.6867
885230,-212802,16.6901
890232,-212817,15.6438
895233,-212833,16.6901
900233,-212849,16.6934
905235,-212864,15.6438
910237,-212880,16.6867
915238,-212896,16.6901
920239,-212912,16.6901
925240,-212928,16.6901
930241,-212944,16.6901
935243,-212960,16.6867
940244,-212975,15.6469
945246,-212991,16.6867
950246,-213007,16.6934
955248,-213024,17.7296
960249,-213040,16.6901
965251,-213056,16.6867
970252,-213072,16.6901
975253,-213088,16.6901
980254,-213104,16.6901
985256,-213120,16.6867
990257,-213136,16.6901
995259,-213153,17.7296
1000259,-213169,16.6934
1005261,-213185,16.6867
1010262,-213202,17.7332
1015263,-213218,16.6901
1020265,-213234,16.6867
1025265,-213250,16.6934
1030267,-213267,17.7296
1035268,-213283,16.6901
1040270,-213300,17.7296
1045271,-213316,16.6901
1050272,-213332,16.6901
1055273,-213349,17.7332
1060275,-213365,16.6867
1065276,-213382,17.7332
1070278,-213398,16.6867
1075278,-213415,17.7367
1080280,-213431,16.6867
1085281,-213448,17.7332
1090283,-213464,16.6867
1095284,-213481,17.7332
1100284,-213497,16.6934
1105286,-213514,17.7296
1110288,-213530,16.6867
1115289,-213547,17.7332
1120291,-213564,17.7296
1125291,-213580,16.6934
1130292,-213597,17.7332
1135294,-213613,16.6867
1140295,-213629,16.6901
1145297,-213645,16.6867
1150297,-213661,16.6934
1155299,-213677,16.6867
1160300,-213692,15.6469
1165302,-213708,16.6867
1170303,-213723,15.6469
1175304,-213739,16.6901
1180305,-213754,15.6469
1185307,-213770,16.6867
1190308,-213785,15.6469
1195310,-213800,15.6438
1200310,-213816,16.6934
1205312,-213831,15.6438
1210313,-213846,15.6469
1215315,-213862,16.6867
1220316,-213877,15.6469
1225316,-213892,15.6501
1230318,-213908,16.6867
1235319,-213923,15.6469
1240321,-213938,15.6438
1245322,-213954,16.6901
1250323,-213969,15.6469
1255324,-213985,16.6901
1260326,-214000,15.6438
1265327,-214016,16.6901
1270329,-214031,15.6438
1275329,-214046,15.6501
1280331,-214062,16.6867
1285332,-214077,15.6469
1290334,-214093,16.6867
1295335,-214108,15.6469
1300336,-214124,16.6901
1305337,-214140,16.6901
1310339,-214156,16.6867
1315340,-214171,15.6469
1320342,-214187,16.6867
1325342,-214203,16.6934
1330344,-214219,16.6867
1335345,-214235,16.6901
1340346,-214251,16.6901
1345348,-214267,16.6867
1350348,-214283,16.6934
1355350,-214299,16.6867
1360351,-214315,16.6901
1365353,-214332,17.7296
1370354,-214348,16.6901
1375355,-214364,16.6901
1380356,-214380,16.6901
1385358,-214396,16.6867
1390359,-214413,17.7332
1395361,-214429,16.6867
1400361,-214446,17.7367
1405363,-214462,16.6867
1410364,-214478,16.6901
1415366,-214495,17.7296
1420367,-214511,16.6901
1425367,-214528,17.7367
1430369,-214544,16.6867
1435371,-214561,17.7296
1440372,-214578,17.7332
1445373,-214594,16.6901
1450374,-214611,17.7332
1455375,-214628,17.7332
1460377,-214644,16.6867
1465378,-214661,17.7332
1470380,-214677,16.6867
1475380,-214694,17.7367
1480382,-214711,17.7296
1485383,-214728,17.7332
1490385,-214744,16.6867
1495386,-214761,17.7332
1500387,-214778,17.7332
1505388,-214794,16.6901
1510390,-214811,17.7296
1515391,-214828,17.7332
1520393,-214845,17.7296
1525393,-214861,16.6934
1530395,-214878,17.7296
1535396,-214894,16.6901
1540397,-214911,17.7332
1545399,-214928,17.7296
1550399,-214944,16.6934
1555401,-214960,16.6867
1560402,-214977,17.7332
1565404,-214993,16.6867
1570405,-215010,17.7332
1575406,-215026,16.6901
1580407,-215042,16.6901
1585409,-215058,16.6867
1590410,-215074,16.6901
1595412,-215089,15.6438
1600412,-215105,16.6934
1605414,-215121,16.6867
1610415,-215136,15.6469
1615417,-215152,16.6867
1620418,-215168,16.6901
1625418,-215184,16.6934
1630420,-215199,15.6438
1635422,-215215,16.6867
1640423,-215231,16.6901
1645425,-215247,16.6867
1650425,-215263,16.6934
1655426,-215278,15.6469
1660428,-215294,16.6867
1665429,-215310,16.6901
1670431,-215326,16.6867
1675431,-215342,16.6934
1680433,-215358,16.6867
1685434,-215374,16.6901
1690436,-215390,16.6867
1695437,-215406,16.6901
1700438,-215422,16.6901
1705439,-215438,16.6901
1710441,-215454,16.6867
1715442,-215470,16.6901
1720444,-215486,16.6867
1725444,-215502,16.6934
1730446,-215519,17.7296
1735447,-215535,16.6901
1740449,-215551,16.6867
1745450,-215567,16.6901
1750450,-215584,17.7367
1755452,-215600,16.6867
1760453,-215616,16.6901
1765455,-215632,16.6867
1770456,-215649,17.7332
1775457,-215665,16.6901
1780458,-215682,17.7332
1785460,-215698,16.6867
1790461,-215715,17.7332
1795463,-215731,16.6867
1800463,-215748,17.7367
1805465,-215764,16.6867
1810466,-215781,17.7332
1815468,-215798,17.7296
1820469,-215814,16.6901
1825470,-215831,17.7332
1830471,-215848,17.7332
1835473,-215865,17.7296
1840474,-215881,16.6901
1845476,-215898,17.7296
1850476,-215915,17.7367
1855478,-215932,17.7296
1860479,-215948,16.6901
1865480,-215965,17.7332
1870482,-215982,17.7296
1875482,-215999,17.7367
1880484,-216016,17.7296
1885485,-216032,16.6901
1890487,-216049,17.7296
1895488,-216066,17.7332
1900489,-216083,17.7332
1905490,-216099,16.6901
1910492,-216116,17.7296
1915493,-216132,16.6901
1920495,-216149,17.7296
1925495,-216166,17.7367
1930497,-216182,16.6867
1935498,-216199,17.7332
1940500,-216215,16.6867
1945501,-216232,17.7332
1950501,-216248,16.6934
1955503,-216264,16.6867
1960505,-216281,17.7296
1965506,-216297,16.6901
1970507,-216314,17.7332
1975508,-216330,16.6901
1980509,-216346,16.6901
1985511,-216362,16.6867
1990512,-216379,17.7332
1995514,-216395,16.6867
2000514,-216411,16.6934
2005516,-216427,16.6867
2010517,-216443,16.6901
2015519,-216459,16.6867
2020520,-216475,16.6901
2025521,-216491,16.6901
2030522,-216507,16.6901
2035524,-216523,16.6867
2040525,-216539,16.6901
2045527,-216555,16.6867
2050527,-216571,16.6934
2055529,-216588,17.7296
2060530,-216604,16.6901
2065531,-216620,16.6901
2070533,-216636,16.6867
2075533,-216652,16.6934
2080535,-216669,17.7296
2085536,-216685,16.6901
2090538,-216701,16.6867
2095539,-216718,17.7332
2100540,-216734,16.6901
2105541,-216750,16.6901
2110543,-216766,16.6867
2115544,-216783,17.7332
2120546,-216800,17.7296
2125546,-216816,16.6934
2130548,-216832,16.6867
2135549,-216849,17.7332
2140551,-216865,16.6867
2145552,-216882,17.7332
2150552,-216898,16.6934
2155554,-216915,17.7296
2160556,-216931,16.6867
2165557,-216948,17.7332
2170559,-216965,17.7296
2175559,-216981,16.6934
2180560,-216998,17.7332
2185562,-217015,17.7296
2190563,-217031,16.6901
2195565,-217048,17.7296
2200565,-217065,17.7367
2205567,-217082,17.7296
2210568,-217098,16.6901
2215570,-217115,17.7296
2220571,-217132,17.7332
2225572,-217149,17.7332
2230573,-217166,17.7332
2235575,-217183,17.7296
2240576,-217199,16.6901
2245578,-217216,17.7296
2250578,-217233,17.7367
2255580,-217250,17.7296
2260581,-217266,16.6901
2265583,-217283,17.7296
2270584,-217299,16.6901
2275584,-217316,17.7367
2280586,-217333,17.7296
2285587,-217349,16.6901
2290589,-217366,17.7296
2295590,-217382,16.6901
2300591,-217399,17.7332
2305592,-217415,16.6901
2310594,-217432,17.7296
2315595,-217448,16.6901
2320597,-217465,17.7296
2325597,-217481,16.6934
2330599,-217498,17.7296
2335600,-217514,16.6901
2340602,-217530,16.6867
2345603,-217547,17.7332
2350604,-217563,16.6901
2355605,-217580,17.7332
2360607,-217596,16.6867
2365608,-217612,16.6901
2370610,-217628,16.6867
2375610,-217645,17.7367
2380612,-217661,16.6867
2385613,-217678,17.7332
2390614,-217694,16.6901
2395616,-217710,16.6867
2400616,-217727,17.7367
2405618,-217744,17.7296
2410619,-217760,16.6901
2415621,-217777,17.7296
2420622,-217793,16.6901
2425623,-217810,17.7332
2430624,-217826,16.6901
2435626,-217843,17.7296
2440627,-217860,17.7332
2445629,-217876,16.6867
2450629,-217893,17.7367
2455631,-217909,16.6867
2460632,-217926,17.7332
2465634,-217942,16.6867
2470635,-217959,17.7332
2475635,-217975,16.6934
2480637,-217992,17.7296
2485639,-218008,16.6867
2490640,-218025,17.7332
2495641,-218041,16.6901
2500642,-218058,17.7332
2505643,-218075,17.7332
2510645,-218091,16.6867
2515646,-218108,17.7332
2520648,-218125,17.7296
2525648,-218141,16.6934
2530650,-218158,17.7296
2535651,-218175,17.7332
2540653,-218192,17.7296
2545654,-218208,16.6901
2550655,-218225,17.7332
2555656,-218242,17.7332
2560658,-218258,16.6867
2565659,-218275,17.7332
2570661,-218292,17.7296
2575661,-218308,16.6934
2580663,-218325,17.7296
2585664,-218342,17.7332
2590665,-218358,16.6901
2595667,-218375,17.7296
2600667,-218392,17.7367
2605669,-218409,17.7296
2610670,-218426,17.7332
2615672,-218442,16.6867
2620673,-218459,17.7332
2625674,-218476,17.7332
2630675,-218492,16.6901
2635677,-218509,17.7296
2640678,-218526,17.7332
2645680,-218542,16.6867
2650680,-218559,17.7367
2655682,-218576,17.7296
2660683,-218592,16.6901
2665685,-218608,16.6867
2670686,-218625,17.7332
2675686,-218642,17.7367
2680688,-218658,16.6867
2685690,-218674,16.6867
2690691,-218691,17.7332
2695693,-218707,16.6867
2700693,-218724,17.7367
2705694,-218740,16.6901
2710696,-218757,17.7296
2715697,-218773,16.6901
2720699,-218790,17.7296
2725699,-218806,16.6934
2730701,-218822,16.6867
2735702,-218839,17.7332
2740704,-218855,16.6867
2745705,-218872,17.7332
2750706,-218888,16.6901
2755707,-218905,17.7332
2760709,-218921,16.6867
2765710,-218938,17.7332
2770712,-218954,16.6867
2775712,-218971,17.7367
2780714,-218987,16.6867
2785715,-219004,17.7332
2790717,-219021,17.7296
2795718,-219037,16.6901
2800718,-219054,17.7367
2805720,-219071,17.7296
2810721,-219088,17.7332
2815723,-219104,16.6867
2820724,-219121,17.7332
2825725,-219138,17.7332
2830726,-219155,17.7332
2835728,-219171,16.6867
2840729,-219188,17.7332
2845731,-219205,17.7296
2850731,-219222,17.7367
2855733,-219239,17.7296
2860734,-219256,17.7332
2865736,-219272,16.6867
2870737,-219289,17.7332
2875738,-219306,17.7332
2880739,-219322,16.6901
2885741,-219339,17.7296
2890742,-219355,16.6901
2895744,-219372,17.7296
2900744,-219388,16.6934
2905746,-219405,17.7296
2910747,-219421,16.6901
2915748,-219438,17.7332
2920750,-219454,16.6867
2925750,-219470,16.6934
2930752,-219487,17.7296
2935753,-219504,17.7332
2940755,-219520,16.6867
2945756,-219537,17.7332
2950757,-219554,17.7332
2955758,-219570,16.6901
2960760,-219587,17.7296
2965761,-219604,17.7332
2970763,-219620,16.6867
2975763,-219637,17.7367
2980765,-219654,17.7296
2985766,-219670,16.6901
2990768,-219686,16.6867
2995769,-219703,17.7332
3000769,-219719,16.6934
3005771,-219736,17.7296
3010773,-219752,16.6867
3015774,-219769,17.7332
3020775,-219785,16.6901
3025776,-219802,17.7332
3030777,-219818,16.6901
3035779,-219835,17.7296
3040780,-219851,16.6901
3045782,-219867,16.6867
3050782,-219884,17.7367
3055784,-219900,16.6867
3060785,-219916,16.6901
3065787,-219933,17.7296
3070788,-219949,16.6901
3075789,-219966,17.7332
3080790,-219982,16.6901
3085792,-219998,16.6867
3090793,-220015,17.7332
3095795,-220031,16.6867
3100795,-220048,17.7367
3105797,-220064,16.6867
3110798,-220080,16.6901
3115799,-220097,17.7332
3120801,-220113,16.6867
3125801,-220130,17.7367
3130803,-220146,16.6867
3135804,-220163,17.7332
3140806,-220180,17.7296
3145807,-220196,16.6901
3150808,-220213,17.7332
3155809,-220229,16.6901
3160811,-220246,17.7296
3165812,-220263,17.7332
3170814,-220280,17.7296
3175814,-220296,16.6934
3180816,-220313,17.7296
3185817,-220330,17.7332
3190819,-220347,17.7296
3195820,-220364,17.7332
3200820,-220380,16.6934
3205822,-220397,17.7296
3210824,-220414,17.7296
3215825,-220431,17.7332
3220827,-220448,17.7296
3225827,-220465,17.7367
3230828,-220482,17.7332
3235830,-220498,16.6867
3240831,-220515,17.7332
3245833,-220532,17.7296
3250833,-220549,17.7367
3255835,-220566,17.7296
3260836,-220583,17.7332
3265838,-220600,17.7296
3270839,-220616,16.6901
3275840,-220634,18.7763
3280841,-220650,16.6901
3285843,-220667,17.7296
3290844,-220684,17.7332
3295846,-220701,17.7296
3300846,-220718,17.7367
3305848,-220734,16.6867
3310849,-220751,17.7332
3315851,-220767,16.6867
3320852,-220784,17.7332
3325852,-220800,16.6934
3330854,-220816,16.6867
3335855,-220832,16.6901
3340857,-220848,16.6867
3345858,-220864,16.6901
3350859,-220880,16.6901
3355860,-220896,16.6901
3360862,-220912,16.6867
3365863,-220928,16.6901
3370865,-220944,16.6867
3375865,-220960,16.6934
3380867,-220976,16.6867
3385868,-220992,16.6901
3390870,-221008,16.6867
3395871,-221023,15.6469
3400872,-221039,16.6901
3405873,-221055,16.6901
3410875,-221070,15.6438
3415876,-221086,16.6901
3420878,-221102,16.6867
3425878,-221118,16.6934
3430880,-221134,16.6867
3435881,-221149,15.6469
3440882,-221165,16.6901
3445884,-221181,16.6867
3450884,-221197,16.6934
3455886,-221213,16.6867
3460887,-221229,16.6901
3465889,-221244,15.6438
3470890,-221260,16.6901
3475891,-221276,16.6901
3480892,-221292,16.6901
3485894,-221308,16.6867
3490895,-221325,17.7332
3495897,-221341,16.6867
3500897,-221357,16.6934
3505899,-221373,16.6867
3510900,-221389,16.6901
3515902,-221405,16.6867
3520903,-221422,17.7332
3525903,-221438,16.6934
3530905,-221454,16.6867
3535907,-221471,17.7296
3540908,-221487,16.6901
3545909,-221504,17.7332
3550910,-221520,16.6901
3555911,-221537,17.7332
3560913,-221553,16.6867
3565914,-221570,17.7332
3570916,-221587,17.7296
3575916,-221603,16.6934
3580918,-221620,17.7296
3585919,-221637,17.7332
3590921,-221654,17.7296
3595922,-221670,16.6901
3600923,-221687,17.7332
3605924,-221704,17.7332
3610926,-221721,17.7296
3615927,-221738,17.7332
3620929,-221754,16.6867
3625929,-221771,17.7367
3630931,-221788,17.7296
3635932,-221805,17.7332
3640933,-221822,17.7332
3645935,-221839,17.7296
3650935,-221856,17.7367
3655937,-221873,17.7296
3660938,-221890,17.7332
3665940,-221907,17.7296
3670940,-221924,17.7367
3675942,-221940,16.6867
3680945,-221957,17.7261
3685945,-221974,17.7367
3690945,-221991,17.7367
3695945,-222008,17.7367
3700945,-222025,17.7367
3705945,-222041,16.6934
3710945,-222058,17.7367
3715945,-222074,16.6934
3720945,-222091,17.7367
3725945,-222107,16.6934
3730945,-222123,16.6934
3735945,-222138,15.6501
3740945,-222154,16.6934
3745945,-222170,16.6934
3750945,-222186,16.6934
3755945,-222202,16.6934
3760945,-222218,16.6934
3765945,-222234,16.6934
3770945,-222249,15.6501
3775945,-222265,16.6934
3780945,-222281,16.6934
3785945,-222296,15.6501
3790945,-222312,16.6934
3795945,-222328,16.6934
3800945,-222344,16.6934
3805945,-222360,16.6934
3810945,-222375,15.6501
3815945,-222391,16.6934
3820945,-222407,16.6934
3825945,-222422,15.6501
3830945,-222438,16.6934
3835945,-222454,16.6934
3840945,-222470,16.6934
3845945,-222486,16.6934
3850945,-222501,15.6501
3855945,-222517,16.6934
3860945,-222533,16.6934
3865945,-222549,16.6934
3870945,-222565,16.6934
3875945,-222581,16.6934
3880945,-222597,16.6934
3885945,-222613,16.6934
3890945,-222629,16.6934
3895945,-222645,16.6934
3900945,-222661,16.6934
3905945,-222678,17.7367
3910945,-222694,16.6934
3915945,-222710,16.6934
3920945,-222726,16.6934
3925945,-222743,17.7367
3930945,-222759,16.6934
3935945,-222776,17.7367
3940945,-222792,16.6934
3945945,-222809,17.7367
3950945,-222825,16.6934
3955945,-222842,17.7367
3960945,-222859,17.7367
3965945,-222875,16.6934
3970945,-222892,17.7367
3975945,-222909,17.7367
3980945,-222926,17.7367
3985945,-222942,16.6934
3990945,-222959,17.7367
3995945,-222976,17.7367
4000945,-222993,17.7367
4005945,-223010,17.7367
4010945,-223026,16.6934
4015945,-223044,18.7801
4020945,-223060,16.6934
4025945,-223077,17.7367
4030945,-223094,17.7367
4035945,-223111,17.7367
4040945,-223128,17.7367
4045945,-223145,17.7367
4050945,-223162,17.7367
4055945,-223179,17.7367
4060945,-223196,17.7367
4065945,-223212,16.6934
4070945,-223229,17.7367
4075945,-223246,17.7367
4080945,-223263,17.7367
4085945,-223280,17.7367
4090945,-223297,17.7367
4095945,-223313,16.6934
4100945,-223330,17.7367
4105945,-223346,16.6934
4110945,-223363,17.7367
4115945,-223380,17.7367
4120945,-223396,16.6934
4125945,-223413,17.7367
4130945,-223430,17.7367
4135945,-223446,16.6934
4140945,-223463,17.7367
4145945,-223479,16.6934
4150945,-223495,16.6934
4155945,-223512,17.7367
4160945,-223528,16.6934
4165945,-223544,16.6934
4170945,-223560,16.6934
4175945,-223576,16.6934
4180945,-223592,16.6934
4185945,-223608,16.6934
4190945,-223624,16.6934
4195945,-223640,16.6934
4200945,-223655,15.6501
4205945,-223671,16.6934
4210945,-223687,16.6934
4215945,-223704,17.7367
4220945,-223720,16.6934
4225945,-223736,16.6934
4230945,-223752,16.6934
4235945,-223768,16.6934
4240945,-223784,16.6934
4245945,-223800,16.6934
4250945,-223817,17.7367
4255945,-223833,16.6934
4260945,-223849,16.6934
4265945,-223865,16.6934
4270945,-223882,17.7367
4275945,-223898,16.6934
4280945,-223914,16.6934
4285945,-223930,16.6934
4290945,-223947,17.7367
4295945,-223963,16.6934
4300945,-223980,17.7367
4305945,-223996,16.6934
4310945,-224013,17.7367
4315945,-224029,16.6934
4320945,-224046,17.7367
4325945,-224062,16.6934
4330945,-224079,17.7367
4335945,-224096,17.7367
4340945,-224113,17.7367
4345945,-224129,16.6934
4350945,-224146,17.7367
4355945,-224163,17.7367
4360945,-224180,17.7367
4365945,-224197,17.7367
4370945,-224214,17.7367
4375945,-224230,16.6934
4380945,-224247,17.7367
4385945,-224264,17.7367
4390945,-224281,17.7367
4395945,-224298,17.7367
4400945,-224315,17.7367
4405945,-224332,17.7367
4410945,-224349,17.7367
4415945,-224366,17.7367
4420945,-224383,17.7367
4425945,-224400,17.7367
4430945,-224417,17.7367
4435945,-224434,17.7367
4440945,-224451,17.7367
4445945,-224468,17.7367
4450945,-224484,16.6934
4455945,-224501,17.7367
4460945,-224518,17.7367
4465945,-224534,16.6934
4470945,-224551,17.7367
4475945,-224568,17.7367
4480945,-224584,16.6934
4485945,-224601,17.7367
4490945,-224618,17.7367
4495945,-224634,16.6934
4500945,-224651,17.7367
4505945,-224668,17.7367
4510945,-224684,16.6934
4515945,-224701,17.7367
4520945,-224717,16.6934
4525945,-224734,17.7367
4530945,-224750,16.6934
4535945,-224767,17.7367
4540945,-224783,16.6934
4545945,-224800,17.7367
4550945,-224816,16.6934
4555945,-224833,17.7367
4560945,-224849,16.6934
4565945,-224865,16.6934
4570945,-224882,17.7367
4575945,-224898,16.6934
4580945,-224915,17.7367
4585945,-224931,16.6934
4590945,-224948,17.7367
4595945,-224964,16.6934
4600945,-224980,16.6934
4605945,-224997,17.7367
4610945,-225013,16.6934
4615945,-225030,17.7367
4620945,-225046,16.6934
4625945,-225063,17.7367
4630945,-225080,17.7367
4635945,-225096,16.6934
4640945,-225113,17.7367
4645945,-225129,16.6934
4650945,-225146,17.7367
4655945,-225163,17.7367
4660945,-225179,16.6934
4665945,-225196,17.7367
4670945,-225213,17.7367
4675945,-225230,17.7367
4680945,-225246,16.6934
4685945,-225263,17.7367
4690945,-225280,17.7367
4695945,-225297,17.7367
4700945,-225314,17.7367
4705945,-225330,16.6934
4710945,-225347,17.7367
4715945,-225364,17.7367
4720945,-225381,17.7367
4725945,-225398,17.7367
4730945,-225414,16.6934
4735945,-225431,17.7367
4740945,-225448,17.7367
4745945,-225465,17.7367
4750945,-225482,17.7367
4755945,-225498,16.6934
4760945,-225515,17.7367
4765945,-225532,17.7367
4770945,-225549,17.7367
4775945,-225566,17.7367
4780945,-225583,17.7367
4785945,-225600,17.7367
4790945,-225617,17.7367
4795945,-225634,17.7367
4800945,-225650,16.6934
4805945,-225668,18.7801
4810945,-225684,16.6934
4815945,-225701,17.7367
4820945,-225718,17.7367
4825945,-225735,17.7367
4830945,-225752,17.7367
4835945,-225768,16.6934
4840945,-225785,17.7367
4845945,-225802,17.7367
4850945,-225818,16.6934
4855945,-225835,17.7367
4860945,-225851,16.6934
4865945,-225868,17.7367
4870945,-225884,16.6934
4875945,-225901,17.7367
4880945,-225918,17.7367
4885945,-225934,16.6934
4890945,-225950,16.6934
4895945,-225967,17.7367
4900945,-225984,17.7367
4905945,-226000,16.6934
4910945,-226016,16.6934
4915945,-226033,17.7367
4920945,-226050,17.7367
4925945,-226066,16.6934
4930945,-226083,17.7367
4935945,-226099,16.6934
4940945,-226116,17.7367
4945945,-226132,16.6934
4950945,-226149,17.7367
4955945,-226166,17.7367
4960945,-226182,16.6934
4965945,-226199,17.7367
4970945,-226216,17.7367
4975945,-226233,17.7367
4980945,-226250,17.7367
4985945,-226266,16.6934
4990945,-226283,17.7367
4995945,-226300,17.7367
5000945,-226317,17.7367
5005945,-226334,17.7367
5010945,-226350,16.6934
5015945,-226367,17.7367
5020945,-226384,17.7367
5025945,-226401,17.7367
5030945,-226418,17.7367
5035945,-226434,16.6934
5040945,-226451,17.7367
5045945,-226468,17.7367
5050945,-226485,17.7367
5055945,-226501,16.6934
5060945,-226518,17.7367
5065945,-226534,16.6934
5070945,-226551,17.7367
5075945,-226568,17.7367
5080945,-226584,16.6934
5085945,-226601,17.7367
5090945,-226618,17.7367
5095945,-226635,17.7367
5100945,-226652,17.7367
5105945,-226668,16.6934
5110945,-226685,17.7367
5115945,-226702,17.7367
5120945,-226718,16.6934
5125945,-226735,17.7367
5130945,-226752,17.7367
5135945,-226769,17.7367
5140945,-226785,16.6934
5145945,-226802,17.7367
5150945,-226819,17.7367
5155945,-226836,17.7367
5160945,-226852,16.6934
5165945,-226869,17.7367
5170945,-226886,17.7367
5175945,-226902,16.6934
5180945,-226919,17.7367
5185945,-226936,17.7367
5190945,-226952,16.6934
5195945,-226969,17.7367
5200945,-226986,17.7367
5205945,-227003,17.7367
5210945,-227019,16.6934
5215945,-227036,17.7367
5220945,-227052,16.6934
5225945,-227069,17.7367
5230945,-227086,17.7367
5235945,-227102,16.6934
5240945,-227119,17.7367
5245945,-227136,17.7367
5250945,-227152,16.6934
5255945,-227169,17.7367
5260945,-227185,16.6934
5265945,-227202,17.7367
5270945,-227218,16.6934
5275945,-227235,17.7367
5280945,-227252,17.7367
5285945,-227268,16.6934
5290945,-227285,17.7367
5295945,-227301,16.6934
5300945,-227318,17.7367
5305945,-227335,17.7367
5310945,-227351,16.6934
5315945,-227368,17.7367
5320945,-227385,17.7367
5325945,-227402,17.7367
5330945,-227418,16.6934
5335945,-227435,17.7367
5340945,-227452,17.7367
5345945,-227469,17.7367
5350945,-227486,17.7367
5355945,-227502,16.6934
5360945,-227519,17.7367
5365945,-227536,17.7367
5370945,-227553,17.7367
5375945,-227570,17.7367
5380945,-227587,17.7367
5385945,-227604,17.7367
5390945,-227621,17.7367
5395945,-227638,17.7367
5400945,-227654,16.6934
5405945,-227672,18.7801
5410945,-227688,16.6934
5415945,-227705,17.7367
5420945,-227722,17.7367
5425945,-227739,17.7367
5430945,-227756,17.7367
5435945,-227773,17.7367
5440945,-227790,17.7367
5445945,-227806,16.6934
5450945,-227823,17.7367
5455945,-227840,17.7367
5460945,-227856,16.6934
5465945,-227873,17.7367
5470945,-227889,16.6934
5475945,-227906,17.7367
5480945,-227922,16.6934
5485945,-227939,17.7367
5490945,-227956,17.7367
5495945,-227972,16.6934
5500945,-227989,17.7367
5505945,-228006,17.7367
5510945,-228023,17.7367
5515945,-228039,16.6934
5520945,-228056,17.7367
5525945,-228073,17.7367
5530945,-228089,16.6934
5535945,-228106,17.7367
5540945,-228122,16.6934
5545945,-228139,17.7367
5550945,-228156,17.7367
5555945,-228172,16.6934
5560945,-228189,17.7367
5565945,-228205,16.6934
5570945,-228222,17.7367
5575945,-228238,16.6934
5580945,-228255,17.7367
5585945,-228272,17.7367
5590945,-228288,16.6934
5595945,-228304,16.6934
5600945,-228321,17.7367
5605945,-228338,17.7367
5610945,-228354,16.6934
5615945,-228371,17.7367
5620945,-228387,16.6934
5625945,-228404,17.7367
5630945,-228420,16.6934
5635945,-228437,17.7367
5640945,-228454,17.7367
5645945,-228470,16.6934
5650945,-228487,17.7367
5655945,-228503,16.6934
5660945,-228520,17.7367
5665945,-228537,17.7367
5670945,-228553,16.6934
5675945,-228570,17.7367
5680945,-228587,17.7367
5685945,-228604,17.7367
5690945,-228620,16.6934
5695945,-228637,17.7367
5700945,-228654,17.7367
5705945,-228671,17.7367
5710945,-228688,17.7367
5715945,-228704,16.6934
5720945,-228721,17.7367
5725945,-228738,17.7367
5730945,-228755,17.7367
5735945,-228772,17.7367
5740945,-228788,16.6934
5745945,-228805,17.7367
5750945,-228822,17.7367
5755945,-228839,17.7367
5760945,-228856,17.7367
5765945,-228873,17.7367
5770945,-228890,17.7367
5775945,-228907,17.7367
5780945,-228924,17.7367
5785945,-228941,17.7367
5790945,-228958,17.7367
5795945,-228975,17.7367
5800945,-228992,17.7367
5805945,-229009,17.7367
5810945,-229026,17.7367
5815945,-229043,17.7367
5820945,-229060,17.7367
5825945,-229077,17.7367
5830945,-229094,17.7367
5835945,-229111,17.7367
5840945,-229128,17.7367
5845945,-229145,17.7367
5850945,-229161,16.6934
5855945,-229178,17.7367
5860945,-229195,17.7367
5865945,-229211,16.6934
5870945,-229228,17.7367
5875945,-229244,16.6934
5880945,-229260,16.6934
5885945,-229277,17.7367
5890945,-229293,16.6934
5895945,-229309,16.6934
5900945,-229325,16.6934
5905945,-229342,17.7367
5910945,-229358,16.6934
5915945,-229374,16.6934
5920945,-229390,16.6934
5925945,-229406,16.6934
5930945,-229422,16.6934
5935945,-229439,17.7367
5940945,-229455,16.6934
5945945,-229471,16.6934
5950945,-229487,16.6934
5955945,-229503,16.6934
5960945,-229519,16.6934
5965945,-229535,16.6934
5970945,-229551,16.6934
5975945,-229567,16.6934
5980945,-229583,16.6934
5985945,-229599,16.6934
5990945,-229616,17.7367
5995945,-229632,16.6934
6000945,-229648,16.6934
6005945,-229664,16.6934
6010945,-229680,16.6934
6015945,-229696,16.6934
6020945,-229713,17.7367
6025945,-229729,16.6934
6030945,-229745,16.6934
6035945,-229762,17.7367
6040945,-229778,16.6934
6045945,-229795,17.7367
6050945,-229811,16.6934
6055945,-229828,17.7367
6060945,-229844,16.6934
6065945,-229861,17.7367
6070945,-229878,17.7367
6075945,-229894,16.6934
6080945,-229911,17.7367
6085945,-229928,17.7367
6090945,-229945,17.7367
6095945,-229962,17.7367
6100945,-229978,16.6934
6105945,-229995,17.7367
6110945,-230012,17.7367
6115945,-230029,17.7367
6120945,-230046,17.7367
6125945,-230063,17.7367
6130945,-230080,17.7367
6135945,-230097,17.7367
6140945,-230114,17.7367
6145945,-230131,17.7367
6150945,-230148,17.7367
6155945,-230165,17.7367
6160945,-230182,17.7367
6165945,-230200,18.7801
6170945,-230216,16.6934
6175945,-230234,18.7801
6180945,-230251,17.7367
6185945,-230268,17.7367
6190945,-230285,17.7367
6195945,-230302,17.7367
6200945,-230319,17.7367
6205945,-230336,17.7367
6210945,-230354,18.7801
6215945,-230371,17.7367
6220945,-230388,17.7367
6225945,-230405,17.7367
6230945,-230422,17.7367
6235945,-230439,17.7367
6240945,-230456,17.7367
6245945,-230473,17.7367
6250945,-230490,17.7367
6255945,-230507,17.7367
6260945,-230523,16.6934
6265945,-230540,17.7367
6270945,-230556,16.6934
6275945,-230572,16.6934
6280945,-230588,16.6934
6285945,-230604,16.6934
6290945,-230620,16.6934
6295945,-230636,16.6934
6300945,-230652,16.6934
6305945,-230668,16.6934
6310945,-230684,16.6934
6315945,-230700,16.6934
6320945,-230716,16.6934
6325945,-230732,16.6934
6330945,-230748,16.6934
6335945,-230764,16.6934
6340945,-230780,16.6934
6345945,-230796,16.6934
6350945,-230812,16.6934
6355945,-230828,16.6934
6360945,-230844,16.6934
6365945,-230860,16.6934
6370945,-230876,16.6934
6375945,-230892,16.6934
6380945,-230908,16.6934
6385945,-230924,16.6934
6390945,-230940,16.6934
6395945,-230956,16.6934
6400945,-230972,16.6934
6405945,-230988,16.6934
6410945,-231004,16.6934
6415945,-231021,17.7367
6420945,-231037,16.6934
6425945,-231054,17.7367
6430945,-231070,16.6934
6435945,-231086,16.6934
6440945,-231103,17.7367
6445945,-231119,16.6934
6450945,-231136,17.7367
6455945,-231153,17.7367
6460945,-231169,16.6934
6465945,-231186,17.7367
6470945,-231203,17.7367
6475945,-231220,17.7367
6480945,-231236,16.6934
6485945,-231253,17.7367
6490945,-231270,17.7367
6495945,-231287,17.7367
6500945,-231304,17.7367
6505945,-231321,17.7367
6510945,-231338,17.7367
6515945,-231355,17.7367
6520945,-231372,17.7367
6525945,-231389,17.7367
6530945,-231406,17.7367
6535945,-231423,17.7367
6540945,-231440,17.7367
6545945,-231457,17.7367
6550945,-231474,17.7367
6555945,-231491,17.7367
6560945,-231508,17.7367
6565945,-231525,17.7367
6570945,-231542,17.7367
6575945,-231559,17.7367
6580945,-231576,17.7367
6585945,-231593,17.7367
6590945,-231610,17.7367
6595945,-231628,18.7801
6600945,-231645,17.7367
6605945,-231662,17.7367
6610945,-231679,17.7367
6615945,-231696,17.7367
6620945,-231713,17.7367
6625945,-231730,17.7367
6630945,-231747,17.7367
6635945,-231764,17.7367
6640945,-231781,17.7367
6645945,-231798,17.7367
6650945,-231814,16.6934
6655945,-231831,17.7367
6660945,-231848,17.7367
6665945,-231864,16.6934
6670945,-231881,17.7367
6675945,-231898,17.7367
6680945,-231914,16.6934
6685945,-231930,16.6934
6690945,-231946,16.6934
6695945,-231963,17.7367
6700945,-231979,16.6934
6705945,-231995,16.6934
6710945,-232011,16.6934
6715945,-232027,16.6934
6720945,-232043,16.6934
6725945,-232059,16.6934
6730945,-232076,17.7367
6735945,-232092,16.6934
6740945,-232108,16.6934
6745945,-232124,16.6934
6750945,-232140,16.6934
6755945,-232157,17.7367
6760945,-232173,16.6934
6765945,-232189,16.6934
6770945,-232205,16.6934
6775945,-232222,17.7367
6780945,-232238,16.6934
6785945,-232254,16.6934
6790945,-232271,17.7367
6795945,-232287,16.6934
6800945,-232304,17.7367
6805945,-232320,16.6934
6810945,-232337,17.7367
6815945,-232353,16.6934
6820945,-232370,17.7367
6825945,-232387,17.7367
6830945,-232403,16.6934
6835945,-232420,17.7367
6840945,-232436,16.6934
6845945,-232453,17.7367
6850945,-232470,17.7367
6855945,-232487,17.7367
6860945,-232504,17.7367
6865945,-232521,17.7367
6870945,-232538,17.7367
6875945,-232554,16.6934
6880945,-232571,17.7367
6885945,-232588,17.7367
6890945,-232605,17.7367
6895945,-232622,17.7367
6900945,-232639,17.7367
6905945,-232656,17.7367
6910945,-232673,17.7367
6915945,-232690,17.7367
6920945,-232708,18.7801
6925945,-232724,16.6934
6930945,-232742,18.7801
6935945,-232759,17.7367
6940945,-232776,17.7367
6945945,-232793,17.7367
6950945,-232810,17.7367
6955945,-232827,17.7367
6960945,-232844,17.7367
6965945,-232861,17.7367
6970945,-232878,17.7367
6975945,-232896,18.7801
6980945,-232913,17.7367
6985945,-232930,17.7367
6990945,-232947,17.7367
6995945,-232964,17.7367
7000945,-232981,17.7367
7005945,-232998,17.7367
7010945,-233014,16.6934
7015945,-233032,18.7801
7020945,-233048,16.6934
7025945,-233065,17.7367
7030945,-233082,17.7367
7035945,-233099,17.7367
7040945,-233115,16.6934
7045945,-233132,17.7367
7050945,-233149,17.7367
7055945,-233165,16.6934
7060945,-233182,17.7367
7065945,-233199,17.7367
7070945,-233215,16.6934
7075945,-233232,17.7367
7080945,-233248,16.6934
7085945,-233265,17.7367
7090945,-233282,17.7367
7095945,-233298,16.6934
7100945,-233315,17.7367
7105945,-233331,16.6934
7110945,-233348,17.7367
7115945,-233364,16.6934
7120945,-233381,17.7367
7125945,-233397,16.6934
7130945,-233414,17.7367
7135945,-233430,16.6934
7140945,-233447,17.7367
7145945,-233464,17.7367
7150945,-233480,16.6934
7155945,-233497,17.7367
7160945,-233514,17.7367
7165945,-233531,17.7367
7170945,-233548,17.7367
7175945,-233564,16.6934
7180945,-233581,17.7367
7185945,-233598,17.7367
7190945,-233615,17.7367
7195945,-233632,17.7367
7200945,-233648,16.6934
7205945,-233665,17.7367
7210945,-233682,17.7367
7215945,-233699,17.7367
7220945,-233716,17.7367
7225945,-233733,17.7367
7230945,-233750,17.7367
7235945,-233766,16.6934
7240945,-233783,17.7367
7245945,-233800,17.7367
7250945,-233817,17.7367
7255945,-233834,17.7367
7260945,-233851,17.7367
7265945,-233868,17.7367
7270945,-233885,17.7367
7275945,-233902,17.7367
7280945,-233919,17.7367
7285945,-233936,17.7367
7290945,-233953,17.7367
7295945,-233970,17.7367
7300945,-233987,17.7367
7305945,-234004,17.7367
7310945,-234021,17.7367
7315945,-234038,17.7367
7320945,-234056,18.7801
7325945,-234073,17.7367
7330945,-234090,17.7367
7335945,-234107,17.7367
7340945,-234124,17.7367
7345945,-234141,17.7367
7350945,-234158,17.7367
7355945,-234175,17.7367
7360945,-234192,17.7367
7365945,-234209,17.7367
7370945,-234226,17.7367
7375945,-234242,16.6934
7380945,-234259,17.7367
7385945,-234276,17.7367
7390945,-234293,17.7367
7395945,-234310,17.7367
7400945,-234326,16.6934
7405945,-234343,17.7367
7410945,-234360,17.7367
7415945,-234377,17.7367
7420945,-234393,16.6934
7425945,-234410,17.7367
7430945,-234426,16.6934
7435945,-234443,17.7367
7440945,-234460,17.7367
7445945,-234477,17.7367
7450945,-234493,16.6934
7455945,-234510,17.7367
7460945,-234527,17.7367
7465945,-234543,16.6934
7470945,-234560,17.7367
7475945,-234577,17.7367
7480945,-234594,17.7367
7485945,-234610,16.6934
7490945,-234627,17.7367
7495945,-234644,17.7367
7500945,-234661,17.7367
7505945,-234678,17.7367
7510945,-234694,16.6934
7515945,-234711,17.7367
7520945,-234728,17.7367
7525945,-234745,17.7367
7530945,-234762,17.7367
7535945,-234779,17.7367
7540945,-234796,17.7367
7545945,-234813,17.7367
7550945,-234830,17.7367
7555945,-234847,17.7367
7560945,-234864,17.7367
7565945,-234880,16.6934
7570945,-234897,17.7367
7575945,-234914,17.7367
7580945,-234931,17.7367
7585945,-234948,17.7367
7590945,-234964,16.6934
7595945,-234981,17.7367
7600945,-234998,17.7367
7605945,-235015,17.7367
7610945,-235032,17.7367
7615945,-235048,16.6934
7620945,-235065,17.7367
7625945,-235082,17.7367
7630945,-235099,17.7367
7635945,-235116,17.7367
7640945,-235133,17.7367
7645945,-235150,17.7367
7650945,-235167,17.7367
7655945,-235184,17.7367
7660945,-235201,17.7367
7665945,-235218,17.7367
7670945,-235235,17.7367
7675945,-235252,17.7367
7680945,-235269,17.7367
7685945,-235286,17.7367
7690945,-235303,17.7367
7695945,-235320,17.7367
7700945,-235337,17.7367
7705945,-235354,17.7367
7710945,-235370,16.6934
7715945,-235387,17.7367
7720945,-235404,17.7367
7725945,-235420,16.6934
7730945,-235437,17.7367
7735945,-235454,17.7367
7740945,-235470,16.6934
7745945,-235487,17.7367
7750945,-235504,17.7367
7755945,-235520,16.6934
7760945,-235537,17.7367
7765945,-235554,17.7367
7770945,-235570,16.6934
7775945,-235587,17.7367
7780945,-235604,17.7367
7785945,-235620,16.6934
7790945,-235637,17.7367
7795945,-235653,16.6934
7800945,-235670,17.7367
7805945,-235687,17.7367
7810945,-235703,16.6934
7815945,-235720,17.7367
7820945,-235737,17.7367
7825945,-235753,16.6934
7830945,-235770,17.7367
7835945,-235787,17.7367
7840945,-235804,17.7367
7845945,-235820,16.6934
7850945,-235837,17.7367
7855945,-235854,17.7367
7860945,-235871,17.7367
7865945,-235888,17.7367
7870945,-235904,16.6934
7875945,-235921,17.7367
7880945,-235938,17.7367
7885945,-235955,17.7367
7890945,-235972,17.7367
7895945,-235989,17.7367
7900945,-236006,17.7367
7905945,-236023,17.7367
7910945,-236040,17.7367
7915945,-236057,17.7367
7920945,-236074,17.7367
7925945,-236091,17.7367
7930945,-236108,17.7367
7935945,-236125,17.7367
7940945,-236142,17.7367
7945945,-236160,18.7801
7950945,-236177,17.7367
7955945,-236194,17.7367
7960945,-236211,17.7367
7965945,-236228,17.7367
7970945,-236246,18.7801
7975945,-236263,17.7367
7980945,-236280,17.7367
7985945,-236297,17.7367
7990945,-236314,17.7367
7995945,-236332,18.7801
8000945,-236348,16.6934
8005945,-236365,17.7367
8010945,-236382,17.7367
8015945,-236399,17.7367
8020945,-236416,17.7367
8025945,-236432,16.6934
8030945,-236449,17.7367
8035945,-236465,16.6934
8040945,-236482,17.7367
8045945,-236498,16.6934
8050945,-236515,17.7367
8055945,-236532,17.7367
8060945,-236548,16.6934
8065945,-236564,16.6934
8070945,-236581,17.7367
8075945,-236598,17.7367
8080945,-236614,16.6934
8085945,-236630,16.6934
8090945,-236647,17.7367
8095945,-236663,16.6934
8100945,-236680,17.7367
8105945,-236696,16.6934
8110945,-236712,16.6934
8115945,-236728,16.6934
8120945,-236745,17.7367
8125945,-236761,16.6934
8130945,-236778,17.7367
8135945,-236794,16.6934
8140945,-236810,16.6934
8145945,-236827,17.7367
8150945,-236843,16.6934
8155945,-236860,17.7367
8160945,-236876,16.6934
8165945,-236893,17.7367
8170945,-236909,16.6934
8175945,-236926,17.7367
8180945,-236942,16.6934
8185945,-236959,17.7367
8190945,-236976,17.7367
8195945,-236992,16.6934
8200945,-237009,17.7367
8205945,-237026,17.7367
8210945,-237042,16.6934
8215945,-237059,17.7367
8220945,-237076,17.7367
8225945,-237093,17.7367
8230945,-237110,17.7367
8235945,-237127,17.7367
8240945,-237144,17.7367
8245945,-237161,17.7367
8250945,-237178,17.7367
8255945,-237194,16.6934
8260945,-237212,18.7801
8265945,-237229,17.7367
8270945,-237246,17.7367
8275945,-237263,17.7367
8280945,-237280,17.7367
8285945,-237297,17.7367
8290945,-237314,17.7367
8295945,-237331,17.7367
8300945,-237348,17.7367
8305945,-237365,17.7367
8310945,-237382,17.7367
8315945,-237400,18.7801
8320945,-237417,17.7367
8325945,-237434,17.7367
8330945,-237451,17.7367
8335945,-237468,17.7367
8340945,-237485,17.7367
8345945,-237503,18.7801
8350945,-237520,17.7367
8355945,-237537,17.7367
8360945,-237554,17.7367
8365945,-237572,18.7801
8370945,-237589,17.7367
8375945,-237606,17.7367
8380945,-237623,17.7367
8385945,-237640,17.7367
8390945,-237658,18.7801
8395945,-237675,17.7367
8400945,-237692,17.7367
8405945,-237709,17.7367
8410945,-237725,16.6934
8415945,-237742,17.7367
8420945,-237759,17.7367
8425945,-237775,16.6934
8430945,-237791,16.6934
8435945,-237808,17.7367
8440945,-237824,16.6934
8445945,-237840,16.6934
8450945,-237856,16.6934
8455945,-237873,17.7367
8460945,-237889,16.6934
8465945,-237905,16.6934
8470945,-237921,16.6934
8475945,-237937,16.6934
8480945,-237953,16.6934
8485945,-237969,16.6934
8490945,-237985,16.6934
8495945,-238001,16.6934
8500945,-238017,16.6934
8505945,-238034,17.7367
8510945,-238050,16.6934
8515945,-238066,16.6934
8520945,-238082,16.6934
8525945,-238098,16.6934
8530945,-238114,16.6934
8535945,-238130,16.6934
8540945,-238146,16.6934
8545945,-238162,16.6934
8550945,-238178,16.6934
8555945,-238194,16.6934
8560945,-238210,16.6934
8565945,-238226,16.6934
8570945,-238242,16.6934
8575945,-238259,17.7367
8580945,-238275,16.6934
8585945,-238291,16.6934
8590945,-238308,17.7367
8595945,-238324,16.6934
8600945,-238341,17.7367
8605945,-238358,17.7367
8610945,-238374,16.6934
8615945,-238391,17.7367
8620945,-238408,17.7367
8625945,-238424,16.6934
8630945,-238441,17.7367
8635945,-238458,17.7367
8640945,-238475,17.7367
8645945,-238492,17.7367
8650945,-238509,17.7367
8655945,-238526,17.7367
8660945,-238543,17.7367
8665945,-238560,17.7367
8670945,-238577,17.7367
8675945,-238594,17.7367
8680945,-238611,17.7367
8685945,-238628,17.7367
8690945,-238646,18.7801
8695945,-238663,17.7367
8700945,-238680,17.7367
8705945,-238697,17.7367
8710945,-238714,17.7367
8715945,-238732,18.7801
8720945,-238749,17.7367
8725945,-238766,17.7367
8730945,-238784,18.7801
8735945,-238801,17.7367
8740945,-238818,17.7367
8745945,-238835,17.7367
8750945,-238852,17.7367
8755945,-238870,18.7801
8760945,-238887,17.7367
8765945,-238904,17.7367
8770945,-238922,18.7801
8775945,-238939,17.7367
8780945,-238956,17.7367
8785945,-238974,18.7801
8790945,-238991,17.7367
8795945,-239008,17.7367
8800945,-239025,17.7367
8805945,-239042,17.7367
8810945,-239059,17.7367
8815945,-239076,17.7367
8820945,-239093,17.7367
8825945,-239110,17.7367
8830945,-239127,17.7367
8835945,-239143,16.6934
8840945,-239160,17.7367
8845945,-239176,16.6934
8850945,-239193,17.7367
8855945,-239209,16.6934
8860945,-239226,17.7367
8865945,-239242,16.6934
8870945,-239258,16.6934
8875945,-239274,16.6934
8880945,-239291,17.7367
8885945,-239307,16.6934
8890945,-239324,17.7367
8895945,-239340,16.6934
8900945,-239356,16.6934
8905945,-239373,17.7367
8910945,-239390,17.7367
8915945,-239406,16.6934
8920945,-239423,17.7367
8925945,-239439,16.6934
8930945,-239456,17.7367
8935945,-239472,16.6934
8940945,-239489,17.7367
8945945,-239506,17.7367
8950945,-239523,17.7367
8955945,-239539,16.6934
8960945,-239556,17.7367
8965945,-239573,17.7367
8970945,-239589,16.6934
8975945,-239606,17.7367
8980945,-239623,17.7367
8985945,-239640,17.7367
8990945,-239657,17.7367
8995945,-239674,17.7367
9000945,-239690,16.6934
9005945,-239707,17.7367
9010945,-239724,17.7367
9015945,-239741,17.7367
9020945,-239758,17.7367
9025945,-239775,17.7367
9030945,-239792,17.7367
9035945,-239809,17.7367
9040945,-239826,17.7367
9045945,-239844,18.7801
9050945,-239861,17.7367
9055945,-239878,17.7367
9060945,-239895,17.7367
9065945,-239913,18.7801
9070945,-239930,17.7367
9075945,-239947,17.7367
9080945,-239964,17.7367
9085945,-239982,18.7801
9090945,-239999,17.7367
9095945,-240016,17.7367
9100945,-240034,18.7801
9105945,-240051,17.7367
9110945,-240068,17.7367
9115945,-240085,17.7367
9120945,-240103,18.7801
9125945,-240120,17.7367
9130945,-240137,17.7367
9135945,-240154,17.7367
9140945,-240172,18.7801
9145945,-240189,17.7367
9150945,-240206,17.7367
9155945,-240223,17.7367
9160945,-240240,17.7367
9165945,-240258,18.7801
9170945,-240275,17.7367
9175945,-240292,17.7367
9180945,-240309,17.7367
9185945,-240326,17.7367
9190945,-240343,17.7367
9195945,-240360,17.7367
9200945,-240376,16.6934
9205945,-240393,17.7367
9210945,-240410,17.7367
9215945,-240427,17.7367
9220945,-240444,17.7367
9225945,-240460,16.6934
9230945,-240477,17.7367
9235945,-240494,17.7367
9240945,-240510,16.6934
9245945,-240527,17.7367
9250945,-240544,17.7367
9255945,-240560,16.6934
9260945,-240577,17.7367
9265945,-240594,17.7367
9270945,-240610,16.6934
9275945,-240627,17.7367
9280945,-240644,17.7367
9285945,-240660,16.6934
9290945,-240677,17.7367
9295945,-240694,17.7367
9300945,-240711,17.7367
9305945,-240728,17.7367
9310945,-240744,16.6934
9315945,-240761,17.7367
9320945,-240778,17.7367
9325945,-240795,17.7367
9330945,-240812,17.7367
9335945,-240829,17.7367
9340945,-240846,17.7367
9345945,-240863,17.7367
9350945,-240880,17.7367
9355945,-240897,17.7367
9360945,-240914,17.7367
9365945,-240931,17.7367
9370945,-240948,17.7367
9375945,-240965,17.7367
9380945,-240982,17.7367
9385945,-240999,17.7367
9390945,-241016,17.7367
9395945,-241033,17.7367
9400945,-241050,17.7367
9405945,-241067,17.7367
9410945,-241084,17.7367
9415945,-241102,18.7801
9420945,-241119,17.7367
9425945,-241136,17.7367
9430945,-241153,17.7367
9435945,-241171,18.7801
9440945,-241188,17.7367
9445945,-241205,17.7367
9450945,-241222,17.7367
9455945,-241240,18.7801
9460945,-241257,17.7367
9465945,-241274,17.7367
9470945,-241292,18.7801
9475945,-241309,17.7367
9480945,-241326,17.7367
9485945,-241343,17.7367
9490945,-241360,17.7367
9495945,-241378,18.7801
9500945,-241395,17.7367
9505945,-241412,17.7367
9510945,-241429,17.7367
9515945,-241446,17.7367
9520945,-241463,17.7367
9525945,-241480,17.7367
9530945,-241497,17.7367
9535945,-241514,17.7367
9540945,-241531,17.7367
9545945,-241548,17.7367
9550945,-241565,17.7367
9555945,-241582,17.7367
9560945,-241599,17.7367
9565945,-241616,17.7367
9570945,-241632,16.6934
9575945,-241649,17.7367
9580945,-241666,17.7367
9585945,-241683,17.7367
9590945,-241700,17.7367
9595945,-241716,16.6934
9600945,-241733,17.7367
9605945,-241750,17.7367
9610945,-241767,17.7367
9615945,-241784,17.7367
9620945,-241800,16.6934
9625945,-241817,17.7367
9630945,-241834,17.7367
9635945,-241851,17.7367
9640945,-241868,17.7367
9645945,-241885,17.7367
9650945,-241902,17.7367
9655945,-241918,16.6934
9660945,-241936,18.7801
9665945,-241952,16.6934
9670945,-241969,17.7367
9675945,-241986,17.7367
9680945,-242004,18.7801
9685945,-242020,16.6934
9690945,-242037,17.7367
9695945,-242054,17.7367
9700945,-242071,17.7367
9705945,-242088,17.7367
9710945,-242105,17.7367
9715945,-242122,17.7367
9720945,-242139,17.7367
9725945,-242156,17.7367
9730945,-242173,17.7367
9735945,-242190,17.7367
9740945,-242207,17.7367
9745945,-242224,17.7367
9750945,-242241,17.7367
9755945,-242258,17.7367
9760945,-242275,17.7367
9765945,-242292,17.7367
9770945,-242309,17.7367
9775945,-242326,17.7367
9780945,-242344,18.7801
9785945,-242361,17.7367
9790945,-242378,17.7367
9795945,-242395,17.7367
9800945,-242412,17.7367
9805945,-242429,17.7367
9810945,-242446,17.7367
9815945,-242463,17.7367
9820945,-242480,17.7367
9825945,-242498,18.7801
9830945,-242514,16.6934
9835945,-242532,18.7801
9840945,-242549,17.7367
9845945,-242566,17.7367
9850945,-242583,17.7367
9855945,-242600,17.7367
9860945,-242617,17.7367
9865945,-242634,17.7367
9870945,-242651,17.7367
9875945,-242668,17.7367
9880945,-242685,17.7367
9885945,-242702,17.7367
9890945,-242719,17.7367
9895945,-242736,17.7367
9900945,-242753,17.7367
9905945,-242770,17.7367
9910945,-242787,17.7367
9915945,-242804,17.7367
9920945,-242821,17.7367
9925945,-242838,17.7367
9930945,-242854,16.6934
9935945,-242871,17.7367
9940945,-242888,17.7367
9945945,-242905,17.7367
9950945,-242922,17.7367
9955945,-242938,16.6934
9960945,-242955,17.7367
9965945,-242972,17.7367
9970945,-242989,17.7367
9975945,-243006,17.7367
9980945,-243023,17.7367
9985945,-243040,17.7367
9990945,-243057,17.7367
9995945,-243074,17.7367
